id;name;image_url;icon_url;is_approved;created_date;last_modified_date;created_by;last_modified_by;is_deleted
1;Table;open-source;Integration;true;2021-08-24T05:30:40;2021-08-23T11:06:18;metrics e-commerce Fresh;programming orchestrate Nevada;true
2;Steel transmitting Nevada;harness Georgia Hat;Program mesh;false;2021-08-23T08:18:36;2021-08-23T18:31:52;array;Verde;true
3;North Fresh;pink Account;archive;true;2021-08-23T10:16:28;2021-08-24T01:55:34;real-time Rubber payment;throughput Berkshire Tonga;true
4;fresh-thinking Open-source;invoice;Web generation;false;2021-08-23T09:03:16;2021-08-24T04:59:20;Central;Saint Money Fresh;false
5;synergistic blue Chief;Nebraska;Tasty Shirt Central;true;2021-08-23T18:23:23;2021-08-24T01:36:02;XML open global;Future Customer 6th;false
6;Markets Pennsylvania Unbranded;e-services;Granite frame Borders;false;2021-08-23T11:49:18;2021-08-24T04:03:08;Division state Portugal;Pants Intranet mint;true
7;Cheese;input Direct circuit;asymmetric;false;2021-08-23T23:49:27;2021-08-24T06:05:34;Tunisian;Applications;true
8;Ridge;Auto models;Movies;false;2021-08-23T08:18:15;2021-08-23T21:39:33;Developer;Licensed quantifying;true
9;Account Refined;Front-line;Buckinghamshire Compatible Fish;true;2021-08-23T09:38:45;2021-08-23T10:16:22;magenta;Designer Knoll;true
10;Frozen;withdrawal Bedfordshire Fresh;Architect;true;2021-08-24T06:26:15;2021-08-24T06:11:25;Designer Brazilian;collaboration Toys;true
